title,artist,album,albumArtist
Give Life Back to Music (feat. Nile Rodgers),Daft Punk,Random Access Memories,Daft Punk
Rain,Blackmill,Reach for Glory,Blackmill
Lucid Truth,Blackmill,Miracle,Blackmill
Motherboard,Daft Punk,Random Access Memories,Daft Punk
Bhula Dena,Mustafa Zahid,Aashiqui 2,"Jeet Gangulli, Ankit Tiwari, Mithoon"
The Game of Love,Daft Punk,Random Access Memories,Daft Punk
Sunn Raha Hai,Shreya Ghoshal,Aashiqui 2,"Jeet Gangulli, Ankit Tiwari, Mithoon"
Contact,Daft Punk,Random Access Memories,Daft Punk
Demons (feat. Micah Martin),WE ARE FURY,Signal Fires,WE ARE FURY
Lose Yourself to Dance (feat. Pharrell Williams),Daft Punk,Random Access Memories,Daft Punk
Stranger Days,Midnight Danger,Malignant Force,Midnight Danger
Tourniquet,TesseracT,Polaris,TesseracT
Within,Daft Punk,Random Access Memories,Daft Punk
Shelter,Porter Robinson & Madeon,Shelter,Porter Robinson & Madeon
ELEMENT.,Kendrick Lamar,DAMN.,Kendrick Lamar
HUMBLE.,Kendrick Lamar,DAMN.,Kendrick Lamar
Vachaadayyo Saami,Kailash Kher,Bharat Ane Nenu,Devi Sri Prasad
Bharat Ane Nenu (The Song Of Bharat),David Simon,Bharat Ane Nenu,Devi Sri Prasad
Sunn Raha Hai,Ankit Tiwari,Aashiqui 2,"Jeet Gangulli, Ankit Tiwari, Mithoon"
The Veldt (feat. Chris James) [8 Minute Edit],deadmau5,The Veldt (feat. Chris James),deadmau5
Say My Name (feat. Zyra),ODESZA,In Return,ODESZA
Beyond,Daft Punk,Random Access Memories,Daft Punk
The a la menthe (Instrumental),La Caution,Peines de Maures / Arc-en-ciel pour daltoniens (Instrumental Version),La Caution
Arctec Gemini,Meteor,Parallel Lives,Meteor
Fragments of Time (feat. Todd Edwards),Daft Punk,Random Access Memories,Daft Punk
Drift,Bicep,Bicep,Bicep
Eternity,Stellardrone,Light Years,Stellardrone
"Flips and Flops, Drips and Drops",Electric Mantis,Braincase (Deluxe),Electric Mantis
Get Lucky (feat. Pharrell Williams & Nile Rodgers),Daft Punk,Random Access Memories,Daft Punk
Giorgio by Moroder,Daft Punk,Random Access Memories,Daft Punk
In Dust / In Us,Binkbeats,"Private Matter Previously Unavailable, Pt. 1",Binkbeats
Interspace,Starcadian,Interspace,Starcadian
Makeba,Jain,Zanaka,Jain
Piya Aaye Na,K.K.,Aashiqui 2,"Jeet Gangulli, Ankit Tiwari, Mithoon"
Numb,Linkin Park,Meteora,Linkin Park
Little Nerves,Binkbeats,"Private Matter Previously Unavailable, Pt. 1",Binkbeats
Worst In Me,Unlike Pluto,Worst In Me,Unlike Pluto
Red Sun,Axel Thesleff,Red Sun,Axel Thesleff
Something For Your M.I.N.D.,Superorganism,Something For Your M.I.N.D.,Superorganism
Doctor D,VHS Glitch,Doctor D,VHS Glitch
Space Breaker,Waveshaper,Exploration 84,Waveshaper
Found Footage,Take/Five,Found Footage,Take/Five
Nothing Else Matters,Metallica,Metallica,Metallica
Beware of the Humans (feat. Celine & Vincenzo Salvia),Nightcrawler,Beware of the Humans,Nightcrawler
Alright,Kendrick Lamar,To Pimp A Butterfly,Kendrick Lamar
Hotline Bling,Drake,Views,Drake
Do Androids Dream Part 2,Andrew Bayer,Anjunabeats Worldwide 05,ilan Bluestone
Patience (Club Mix) (feat. Julie Thompson),Super8 & Tab,Anjunabeats Worldwide 05,ilan Bluestone
Color Field,Kyau & Albert,Anjunabeats Worldwide 05,ilan Bluestone
Atlas,Wrechiski & Jason Ross,Anjunabeats Worldwide 05,ilan Bluestone
Legion,Soundprank,Anjunabeats Worldwide 05,ilan Bluestone
Bonsai,ilan Bluestone,Anjunabeats Worldwide 05,ilan Bluestone
43,ilan Bluestone,Anjunabeats Worldwide 05,ilan Bluestone
Hello (Jerome Isma-Ae Remix),Above & Beyond,Anjunabeats Worldwide 05,ilan Bluestone
Cloudchaser,ilan Bluestone,Anjunabeats Worldwide 05,ilan Bluestone
Lotus,Fehrplay,Anjunabeats Worldwide 05,ilan Bluestone
Truth (Dabin Remix),Tristam,Monstercat 013 - Awakening,Various Artists
One More Time,Daft Punk,Discovery,Daft Punk
Moonbound,Anzo,Moonbound EP,Anzo
Pray For Me,The Weeknd,Black Panther The Album Music From And Inspired By,"Kendrick Lamar, The Weeknd & SZA"
Doin' it Right (feat. Panda Bear),Daft Punk,Random Access Memories,Daft Punk
Force of Nature,Miracle of Sound,Force of Nature,Miracle of Sound
Sunburn,Droeloe,A Moment In Time,Droeloe
Lark,Direct,Lark,Direct
Fly by Wire,Anevo,Fly by Wire,Anevo
Divinity (ODESZA Remix) (feat. Amy Millan),Porter Robinson,Worlds (Remixed),Porter Robinson
&Run,Sir Sly,"Don't You Worry, Honey",Sir Sly
Dayum,cln,Sideways EP,cln
Navajo,Masego,Navajo,Masego
Unspecial effects,deadmau5,stuff i used to do,deadmau5
Ready to Go (feat. KINGD�MS),ARUNA & Rameses B,Ready to Go (feat. KINGD�MS),ARUNA & Rameses B
Strobe,deadmau5,Strobe,deadmau5
Smoke And Mirrors,Imagine Dragons,Smoke + Mirrors,Imagine Dragons
I�m So Sorry,Imagine Dragons,Smoke + Mirrors,Imagine Dragons
Peace Of Mind (Extended Mix) (feat. Zo� Johnston),Above & Beyond,Anjunabeats Worldwide 05,ilan Bluestone
Aphasia,Mr FijiWiji,Aphasia,Mr FijiWiji
Generate,Eric Prydz,Opus,Eric Prydz
Separate Ways (Worlds Apart),Journey,Greatest Hits,Journey
The Trip,Still Corners,Strange Pleasures,Still Corners
Green Cathedral,Winterfylleth,The Dark Hereafter,Winterfylleth
Locke,PYLOT,Shadowtask - EP,PYLOT
Like It's Over (feat. MNDR),Jai Wolf,Like It's Over (feat. MNDR),Jai Wolf
Professional Griefers (feat. Gerard Way),deadmau5,> album title goes here <,deadmau5
Connection (Scandroid Remix),Scandroid,Dreams of Neo-Tokyo,Scandroid
Eden (Waveshaper Remix),Scandroid,Dreams of Neo-Tokyo,Scandroid
Calling Occupants of Interplanetary Crafts,The Cashburys,Mindhunter (Soundtrack Inspired by the TV Show),Fandom
The Awakening,Dance with the Dead,B-Sides: Vol. 1,Dance with the Dead
Turbo Killer,Carpenter Brut,TRILOGY,Carpenter Brut
Synergy,Andy James,Psychic Transfusion EP,Andy James
Pulse Power,Dynatron,Escape Velocity,Dynatron
Omniverse,S U R V I V E,Phantom Love: Selected Mannequin Records 2012,Various Artists
The Road to Memories,Distant Dream,It All Starts from Pieces,Distant Dream
Falling Leaf,Distant Dream,Your Own Story,Distant Dream
Reflection,Distant Dream,Your Own Story,Distant Dream
Darkest Moment,Distant Dream,Your Own Story,Distant Dream
Lost in the Universe,Distant Dream,Your Own Story,Distant Dream
Space Filled With Ether (feat. Pellumb Qerimi),Distant Dream,It All Starts from Pieces,Distant Dream
False Paradise,Widek,Dream Reflection,Widek
Drifting Imagination,Widek,Dream Reflection,Widek
Daydreamer,Widek,Dream Reflection,Widek
Bliss,Widek,Dream Reflection,Widek
Substance,Widek,Dream Reflection,Widek
Alarm #1202,Human Factor,Let Nature Take Its Course,Human Factor
A.L.F.,Human Factor,Let Nature Take Its Course,Human Factor
Lake of Solitude,Human Factor,Let Nature Take Its Course,Human Factor
Nubo Vetera Promesas Pluvon,Human Factor,Let Nature Take Its Course,Human Factor
Touch of Chicxulub,Human Factor,Let Nature Take Its Course,Human Factor
Longyear,Human Factor,Let Nature Take Its Course,Human Factor
Bird's Song,The Last Sighs of the Wind,We Are Trees,The Last Sighs of the Wind
Euphoria,The Last Sighs of the Wind,We Are Trees,The Last Sighs of the Wind
Your Wave Caresses Me,The Last Sighs of the Wind,We Are Trees,The Last Sighs of the Wind
The Return of Thunder,The Last Sighs of the Wind,We Are Trees,The Last Sighs of the Wind
New Horizons,The Last Sighs of the Wind,We Are Trees,The Last Sighs of the Wind
Anxiety,The Last Sighs of the Wind,We Are Trees,The Last Sighs of the Wind
The Frozen Moment,The Last Sighs of the Wind,We Are Trees,The Last Sighs of the Wind
Phobia,The Last Sighs of the Wind,We Are Trees,The Last Sighs of the Wind
Melba,Sunny Lax,Anjunabeats Worldwide 05,ilan Bluestone
Thin Floors And Tall Ceilings,ODESZA,A Moment Apart,ODESZA
Top of the World,Kimbra,Top of the World,Kimbra
Touch (feat. Paul Williams),Daft Punk,Random Access Memories,Daft Punk
My Only Chance,The Toxic Avenger,Furi (Original Game Soundtrack),Various Artists
Sway,Tove Styrke,Sway,Tove Styrke
Professional Rapper (feat. Snoop Dogg),Lil Dicky,Professional Rapper,Lil Dicky
This is not the end,Oh Hiroshima,Resistance is futile,Oh Hiroshima
Luminosity,Distant Dream,Your Own Story,Distant Dream
4ware,deadmau5,W:/2016ALBUM/,deadmau5
"Genius (feat. Sia, Diplo & Labrinth)",LSD,Genius,LSD
YOSEMITE,Travis Scott,ASTROWORLD,Travis Scott
Build the Cities (Empire of Sound) [feat. Kerli],Karma Fields & Tristam,Build the Cities (Reconstructions),Karma Fields
Reverse (feat. Stel Andre),Distant Dream,It All Starts from Pieces,Distant Dream
Rings in Rings in Rings,A Shell in the Pit,Rings in Rings in Rings,A Shell in the Pit
Genesis,Arkana,Genesis EP,Arkana
Pal,Arijit Singh,Pal - Monsoon Shootout,Rochak Kohli
Polaris,deadmau5,"We Are Friends, Vol. 6",Various Artists
Bloom,ODESZA,In Return,ODESZA
Echo (Zerothree Mix),Luke Chable,Comet EP,Luke Chable
Getting Away (feat. Mack),Vindata,Getting Away (feat. Mack),Vindata
Other Worlds,"Bassnectar, Dorfex Bos",Reflective (Part 2),Bassnectar
Psyopia (Bassnectar Remix),Naux Faux,Reflective (Part 2),Bassnectar
Observable Universe,Walking Across Jupiter,Scent,Walking Across Jupiter
I Feel Your Breath,Walking Across Jupiter,Scent,Walking Across Jupiter
Tensions Rising,Andromida,Voyager,Andromida
Sacrifice,Andromida,Voyager,Andromida
Discoveries,Andromida,Voyager,Andromida
First Contact,Andromida,Voyager,Andromida
No Way Home,Andromida,Voyager,Andromida
Thrown Into A Storm,Walking Across Jupiter,Scent,Walking Across Jupiter
Right To Life,Walking Across Jupiter,Scent,Walking Across Jupiter
Free (feat. Ronja),Axel Thesleff,Free (feat. Ronja),Axel Thesleff
Until It's Over,Distant Dream,Your Own Story,Distant Dream
False Paradise,Widek,Dream Reflection,Widek
Gradient Space,Distant Dream,Your Own Story,Distant Dream
Action-Reaction,Walking Across Jupiter,Scent,Walking Across Jupiter
Light Years from Home,Andromida,Voyager,Andromida
Victory & Lobby Redux,Stephen Barton,Apex Legends (Original Soundtrack),Stephen Barton
The Truth Was Revealed,Walking Across Jupiter,Scent,Walking Across Jupiter
Samum,Walking Across Jupiter,Scent,Walking Across Jupiter
Consistent,No/Me,Consistent,No/Me
Fade,IHF,Departure,IHF
Departure,IHF,Departure,IHF
Senseless (feat. Jenni Potts),IHF,Departure,IHF
Evolve,IHF,Departure,IHF
Awake,IHF,Departure,IHF
Timeless Colors,Distant Dream,It All Starts from Pieces,Distant Dream
Monophobia (feat. Rob Swire),deadmau5,mau5ville: Level 1,deadmau5
Drift,Tony Anderson,Drift,Tony Anderson
Snapped,Dance With The Dead,"Drive Radio Selection, Vol. 1",Various Artists
You Are The Jumpmaster,Stephen Barton,Apex Legends (Original Soundtrack),Stephen Barton
Choose Your Legend,Stephen Barton,Apex Legends (Original Soundtrack),Stephen Barton
Vita | Mortis,Arkana,Vita | Mortis,Arkana
Arps Of Revoluci�n,Bassnectar,Reflective (Part 1),Bassnectar
Banshee,Dance with the Dead,B-Sides: Vol. 1,Dance with the Dead
We're All We Need (ilan Bluestone Remix) (feat. Zo� Johnston),Above & Beyond,Anjunabeats Worldwide 05,ilan Bluestone
End Credits Part 2,Joel Nielsen,Black Mesa Soundtrack,Joel Nielsen
Chromatek,"Bassnectar, G. Jones",Reflective (Part 2),Bassnectar
Starlight (feat. Mr Gabriel),Jai Wolf,Starlight,Jai Wolf
End Credits Part 1,Joel Nielsen,Black Mesa Soundtrack,Joel Nielsen
Skybridges,Widek,Dream Reflection,Widek
Trust in Me,"Direct, Mr FijiWiji & Holly Drummond",Trust in Me - EP,Direct
Voyager,Andromida,Voyager,Andromida
Adventurer,Widek,Dream Reflection,Widek
Drive Home,Steven Wilson,Transience,Steven Wilson
Endless Destination,Distant Dream,Your Own Story,Distant Dream
Enter & Escape,Widek,Dream Reflection,Widek
Around The World,Daft Punk,Homework,Daft Punk
Take Off,ilan Bluestone,Anjunabeats Worldwide 05,ilan Bluestone
Walking Across Jupiter - Blossom,Walking Across Jupiter,Blossom,Walking Across Jupiter
Joi,Hans Zimmer,Blade Runner 2049 (Original Motion Picture Soundtrack),Hans Zimmer & Benjamin Wallfisch
Memento Mori (Instrumental),Aephanemer,Memento Mori,Aephanemer
Instant Crush (feat. Julian Casablancas),Daft Punk,Random Access Memories,Daft Punk
Waiting for Silence,Distant Dream,It All Starts from Pieces,Distant Dream
Blue Lights,Jorja Smith,Blue Lights,Jorja Smith
Imaginary Friends,deadmau5,W:/2016ALBUM/,deadmau5
Fading Memories,Widek,Dream Reflection,Widek
Only Time,Enya,A Day Without Rain,Enya
Images,Distant Dream,Your Own Story,Distant Dream
Who We Want to Be,Tom Day,2012,Tom Day
A Touch of the Sky,Distant Dream,It All Starts from Pieces,Distant Dream
Vanity,The Last Sighs of the Wind,We Are Trees,The Last Sighs of the Wind
Despair,The Last Sighs of the Wind,We Are Trees,The Last Sighs of the Wind
Light Years,Stellardrone,Light Years,Stellardrone
Red Shift,Human Factor,Let Nature Take Its Course,Human Factor
Odal,Agalloch,The Mantle,Agalloch
The Drift,Blackmill,Miracle,Blackmill
Lights (Original Mix) (feat. Circe Electro),M.A.D.E.S,Motor,M.A.D.E.S
-27,Walking Across Jupiter,Scent,Walking Across Jupiter
Cube,Walking Across Jupiter,Scent,Walking Across Jupiter
A Bright but Distant Future,Karma Fields,New Age | Dark Age,Karma Fields
Harder Better Faster Stronger,Daft Punk,Discovery,Daft Punk
Dead of Night,Dance With The Dead,The Rise of the Synths Ep1 (The Official Companion Album),Various Artists
Fuel,Metallica,Reload,Metallica
Super Human (feat. Asbj�rn),Andrew Bayer,Anjunabeats Worldwide 05,ilan Bluestone
Aerodynamic,Daft Punk,Discovery,Daft Punk
The Mind's Journey,Widek,Dream Reflection,Widek
Lean on Me,Bill Withers,Lean on Me: The Best of Bill Withers,Bill Withers
Veridis Quo,Daft Punk,Discovery,Daft Punk
Vector,Arkana,Genesis EP,Arkana
Venger (feat. Greta Link),Perturbator,The Uncanny Valley,Perturbator
BAD!,XXXTentacion,BAD!,XXXTentacion
I Need An Energy,Greg Holden,Chasing Mavericks,Various Artists
Session,Linkin Park,Meteora,Linkin Park
Arrival,IHF,Departure,IHF
The Ringer,Eminem,Kamikaze,Eminem
Killshot,Eminem,Killshot,Eminem
Dust and Echoes,God Is An Astronaut,"All Is Violent, All Is Bright (2011 Remastered Edition)",God Is An Astronaut
Suicide by Star,God Is An Astronaut,"All Is Violent, All Is Bright (2011 Remastered Edition)",God Is An Astronaut
When Everything Dies,God Is An Astronaut,"All Is Violent, All Is Bright (2011 Remastered Edition)",God Is An Astronaut
The Hard Truth,Andromida,Voyager,Andromida
Reflecting the void,OGRE Sound,Ballard,OGRE Sound
'If anyone's immune you are',OGRE Sound,Ballard,OGRE Sound
News from the Sun,OGRE Sound,Ballard,OGRE Sound
First of the three,OGRE Sound,Ballard,OGRE Sound
MCMLXXXIII,OGRE Sound,Ballard,OGRE Sound
Neo-Tokyo (Dance With The Dead Remix),Scandroid,Dreams of Neo-Tokyo,Scandroid
Wrinkle,Thank You Scientist,Terraformer,Thank You Scientist
Money,Pink Floyd,The Dark Side of the Moon,Pink Floyd
New Worlds,Andromida,Voyager,Andromida
Conflict,Andromida,Voyager,Andromida
Aftermath,Andromida,Voyager,Andromida
The Great Silence,Four Seconds Ago,The Vacancy,Four Seconds Ago
Over and Out,Four Seconds Ago,The Vacancy,Four Seconds Ago
Bloodfrenzy,Four Seconds Ago,The Vacancy,Four Seconds Ago
Giants,Collapse Under the Empire,Shoulders & Giants,Collapse Under the Empire
A Riot of Emotion,Collapse Under the Empire,Shoulders & Giants,Collapse Under the Empire
After the Thaw,Collapse Under the Empire,Shoulders & Giants,Collapse Under the Empire
Feels Like Summer,Donald Glover,Summer Pack,Donald Glover
Preparing The Arena,Stephen Barton,Apex Legends (Original Soundtrack),Stephen Barton
Sisyphus' Bliss (Instrumental),Aephanemer,Memento Mori,Aephanemer
Unstoppable (Instrumental),Aephanemer,Memento Mori,Aephanemer
Major Lazer - Be Together (Trinix Remix),Trinix,Major Lazer - Be Together (Trinix Remix),Trinix
Time,Pink Floyd,The Best Of Pink Floyd (A Foot In The Door),Pink Floyd
"All Is Violent, All Is Bright",God Is An Astronaut,"All Is Violent, All Is Bright (2011 Remastered Edition)",God Is An Astronaut
Forever Lost,God Is An Astronaut,"All Is Violent, All Is Bright (2011 Remastered Edition)",God Is An Astronaut
Dream On,Aerosmith,Aerosmith,Aerosmith
One Dance (feat. WizKid & Kyla),Drake,Views,Drake
Ocean Drive,Miami Nights 1984,Turbulence,Miami Nights 1984
Aeternus Theme,Dynatron,Aeternus,Dynatron
Waves,Dance With the Dead,Near Dark,Dance With the Dead
Clockwork,Cln,Found - EP,Cln
Where'd You Go,Electus,Musical Hallucinations,Electus
Deflect the Light (Dub),The Flaming Lips,Deflect the Light,The Flaming Lips
Deflect the Light,The Flaming Lips,Deflect the Light,The Flaming Lips
Deflect the Light,Vessels,The Great Distraction,Vessels
Chasing Love,Various Artists,Anjunabeats Vol - 8,Above
Raspberry,Saje,Freefallin' Dreams,Saje
Psyopia,Naux Faux,Enchanted,Naux Faux
Afterhours (feat. Diplo & Nina Sky),TroyBoi,Afterhours (feat. Diplo & Nina Sky),TroyBoi
"Cabin Fever (feat. Mr. J. Medeiros, Tigerz & Blanka)",The Cutlery,The Cutlery,The Cutlery
Unravel,TK from Ling tosite sigure,Unravel,TK from Ling tosite sigure
Circles,EDEN,i think you think too much of me,EDEN
LOVE,Gianluca Vacchi,LOVE,Gianluca Vacchi & Sebasti�n Yatra
Jungle,Tash Sultana,Notion,Tash Sultana
Losing You,Ephixa & Laura Brehm,Losing You,Ephixa & Laura Brehm
Can't Smile Without You,Barry Manilow,Even Now,Barry Manilow
Slant,Mark Lettieri,Spark and Echo,Mark Lettieri
Womb (In Memoriam),Arcane,Known/Learned,Arcane
Awakening With You (PYLOT Remix),Scandroid,Dreams of Neo-Tokyo,Scandroid
Divinity (feat. Amy Millan),Porter Robinson,Worlds,Porter Robinson
Fragile,God Is An Astronaut,"All Is Violent, All Is Bright (2011 Remastered Edition)",God Is An Astronaut
Infinite Horizons,God Is An Astronaut,"All Is Violent, All Is Bright (2011 Remastered Edition)",God Is An Astronaut
A Deafening Distance,God Is An Astronaut,"All Is Violent, All Is Bright (2011 Remastered Edition)",God Is An Astronaut
The Man Who Made a Monster,Dance with the Dead,B-Sides: Vol. 1,Dance with the Dead
Remembrance Day,God Is An Astronaut,"All Is Violent, All Is Bright (2011 Remastered Edition)",God Is An Astronaut
"Wolven Storm (Orchestral Version) [From ""Witcher 3""]",Nir Shor,"The Wolven Storm (Orchestral Version) [From ""Witcher 3""]",Nir Shor
Breaking the Light,Collapse Under The Empire,Fragments of a Prayer,Collapse Under The Empire
A Clock Without A Craftsman,Lee McKinney,Infinite Mind,Lee McKinney
Light in the Distance,Collapse Under The Empire,Sacrifice & Isolation,Collapse Under The Empire
Fear of the Dark (2015 Remaster),Iron Maiden,Fear Of The Dark (2015 Remaster),Iron Maiden
Days of Freezing,Collapse Under the Empire,Shoulders & Giants,Collapse Under the Empire
There's No Sky,Collapse Under the Empire,Shoulders & Giants,Collapse Under the Empire
Disclosure,Collapse Under the Empire,Shoulders & Giants,Collapse Under the Empire
Incident,Collapse Under the Empire,Shoulders & Giants,Collapse Under the Empire
The Sky Is the Limit,Collapse Under the Empire,Shoulders & Giants,Collapse Under the Empire
MN84 Theme,Miami Nights 1984,Turbulence,Miami Nights 1984
Rivals,ALEX & TOKYO ROSE,Akuma II,ALEX & TOKYO ROSE
Blue Drone,Mojoman,Outertone: Liquid Drum & Bass 001 - Dub the Halls,Various Artists
Nothing to Hide,Four Seconds Ago,The Vacancy,Four Seconds Ago
Shadow Devil,Four Seconds Ago,The Vacancy,Four Seconds Ago
Galaxy,Four Seconds Ago,The Vacancy,Four Seconds Ago
Worlds In Collision,God Is An Astronaut,Age of the Fifth Sun,God Is An Astronaut
The Revenge,Four Seconds Ago,The Vacancy,Four Seconds Ago
Listening Post Alpha,Four Seconds Ago,The Vacancy,Four Seconds Ago
The Vacancy,Four Seconds Ago,The Vacancy,Four Seconds Ago
Teardrop,Massive Attack,Mezzanine,Massive Attack
Fadeaway,Four Seconds Ago,The Vacancy,Four Seconds Ago
Revengeance Overcharge,OGRE Sound,195,OGRE Sound
Serrated,Scattle,Visitors,Scattle
1982 Space Program,Waveshaper,Exploration 84,Waveshaper
Midnight Never Ends,Dance With the Dead,Near Dark,Dance With the Dead
Droid Rage,OGRE Sound,195,OGRE Sound
The Space Hero,Waveshaper,Station Nova,Waveshaper
Sleeping Waves (feat. Dhalif Ali),Distant Dream,It All Starts from Pieces,Distant Dream
Skeletons in the Attic,Dance with the Dead,B-Sides: Vol. 1,Dance with the Dead
Water Drops (feat. Plini),Modern Day Babylon,The Ocean Atlas,Modern Day Babylon
Sheaves,pg.lost,Key,pg.lost
Coming Back to Life,Pink Floyd,The Division Bell,Pink Floyd
Violet City,Mansionair,Shadowboxer,Mansionair
Est,Mansionair,Shadowboxer,Mansionair
Alibi,Mansionair,Shadowboxer,Mansionair
He Films The Clouds (Japanese Sky Transcript EP Version),Maybeshewill,Not for Want of Trying + 4,Maybeshewill
Comfortably Numb,Pink Floyd,The Wall,Pink Floyd
Mist,cln,Mist,cln
Anomaly,Subtact,Anomaly,Subtact
'There's a gun in my letterbox',OGRE Sound,Ballard,OGRE Sound
Deep schizos irreversible paranoids,OGRE Sound,Ballard,OGRE Sound
Forgotten Intentions,OGRE Sound,Ballard,OGRE Sound
Post-hypnotic suggestion,OGRE Sound,Ballard,OGRE Sound
The last man to walk on the Moon,OGRE Sound,Ballard,OGRE Sound
Total time lost (Intermission),OGRE Sound,Ballard,OGRE Sound
Ident IV,OGRE Sound,Ballard,OGRE Sound
Memories of the Space Age,OGRE Sound,Ballard,OGRE Sound
Rana,Widek,Journey to the Stars,Widek
Pillars of Creation,Widek,Journey to the Stars,Widek
Canis Majoris (feat. Per Nilsson),Widek,Journey to the Stars,Widek
Sirius,Widek,Journey to the Stars,Widek
Parallax (feat. Owane),Widek,Journey to the Stars,Widek
Ion (feat. Ricky Davenport),Widek,Journey to the Stars,Widek
Nova,Widek,Journey to the Stars,Widek
Space Horizon,Widek,Journey to the Stars,Widek
Ein Sof,Arkana,Ein Sof,Arkana
Tzimtzum,Arkana,Ein Sof,Arkana
Kether,Arkana,Ein Sof,Arkana
Netzach,Arkana,Ein Sof,Arkana
'Hallucination is the wrong term altogether',OGRE Sound,Ballard,OGRE Sound
Terraces of Soleri II,OGRE Sound,Ballard,OGRE Sound
Night Stalker,Carpenter Brut,The Rise of the Synths Ep1 (The Official Companion Album),Various Artists
Threat of extinction,OGRE Sound,Ballard,OGRE Sound
Dragon Breath,OGRE Sound,195,OGRE Sound
Get Out,Dance with the Dead,B-Sides: Vol. 1,Dance with the Dead
Looking For Tracy Tzu,Carpenter Brut,TRILOGY,Carpenter Brut
The Last Reminder,Collapse Under the Empire,Shoulders & Giants,Collapse Under the Empire
Fireflies and Empty Skies,God Is An Astronaut,"All Is Violent, All Is Bright (2011 Remastered Edition)",God Is An Astronaut
RGB,Scattle,Sketch,Scattle
Earthshine (feat. Plini),Widek,Journey to the Stars,Widek
Chara (feat. Gru),Widek,Journey to the Stars,Widek
Orion II (feat. Sithu Aye),Widek,Journey to the Stars,Widek
Volcanic Machinery (Bonus Track),Perturbator & Dynatron,I Am the Night,Perturbator
The Arena,Waveshaper,Exploration 84,Waveshaper
Remorse,Scattle,Visitors,Scattle
So Far Away,Lazerhawk,Visitors,Lazerhawk
Telekinesis,Arkana,Telekinesis,Arkana
The Oracle,Arkana,Nihilum,Arkana
Beyond the Void,Arkana,Beyond the Void,Arkana
Polymorph,Arkana,Genesis EP,Arkana
Malkuth,Arkana,Ein Sof,Arkana
Beyond the Breeze,Paint The Sky Red,Not All Who Wonder Are Lost,Paint The Sky Red
Vultures,pg.lost,Key,pg.lost
Bridge We Crossed,Paint The Sky Red,Paint The Sky Red,Paint The Sky Red
"Across The River, Into The Trees",There's A Light,A Long Lost Silence,There's A Light
Cold Clouds (feat. Mike Salow),Distant Dream,It All Starts from Pieces,Distant Dream
.3,Porcupine Tree,In Absentia,Porcupine Tree
Everytime I Die,Children Of Bodom,Follow The Reaper,Children Of Bodom
In the Still of the Night,The Five Satins,The Irishman (Original Motion Picture Soundtrack),Various Artists
If Wishes Were Catholics,Saltillo,Monocyte,Saltillo
Les Arbres,Thomas Newman,1917 (Original Motion Picture Soundtrack),Thomas Newman
A Scrap of Ribbon,Thomas Newman,1917 (Original Motion Picture Soundtrack),Thomas Newman
Gehenna,Thomas Newman,1917 (Original Motion Picture Soundtrack),Thomas Newman
A Bit of Tin,Thomas Newman,1917 (Original Motion Picture Soundtrack),Thomas Newman
Croisilles Wood,Thomas Newman,1917 (Original Motion Picture Soundtrack),Thomas Newman
�coust-Saint-Mein,Thomas Newman,1917 (Original Motion Picture Soundtrack),Thomas Newman
Lockhouse,Thomas Newman,1917 (Original Motion Picture Soundtrack),Thomas Newman
The Rapids,Thomas Newman,1917 (Original Motion Picture Soundtrack),Thomas Newman
Come Back to Us,Thomas Newman,1917 (Original Motion Picture Soundtrack),Thomas Newman
Blake and Schofield,Thomas Newman,1917 (Original Motion Picture Soundtrack),Thomas Newman
Tripwire,Thomas Newman,1917 (Original Motion Picture Soundtrack),Thomas Newman
Up the Down Trench,Thomas Newman,1917 (Original Motion Picture Soundtrack),Thomas Newman
Milk,Thomas Newman,1917 (Original Motion Picture Soundtrack),Thomas Newman
Sixteen Hundred Men,Thomas Newman,1917 (Original Motion Picture Soundtrack),Thomas Newman
Engl�nder,Thomas Newman,1917 (Original Motion Picture Soundtrack),Thomas Newman
1917,Thomas Newman,1917 (Original Motion Picture Soundtrack),Thomas Newman
Apex Legends: Main Theme,Stephen Barton,Apex Legends (Original Soundtrack),Stephen Barton
Fragile (feat. Holly Drummond),AK,Fragile,AK
Mira (feat. Chris Letchford),Widek,Journey to the Stars,Widek
All These Wounds (feat. Stef Lang),ilan Bluestone,Anjunabeats Worldwide 05,ilan Bluestone
Redbone,Donald Glover,"""Awaken, My Love!""",Donald Glover
Mentions in Dispatches,Thomas Newman,1917 (Original Motion Picture Soundtrack),Thomas Newman
The Boche,Thomas Newman,1917 (Original Motion Picture Soundtrack),Thomas Newman
The Night Window,Thomas Newman,1917 (Original Motion Picture Soundtrack),Thomas Newman
Fitzpleasure,alt-J,Matilda / Fitzpleasure,alt-J
Opus,Eric Prydz,Opus,Eric Prydz
Bombay Dreams (feat. Kavita Seth),KSHMR,Bombay Dreams (feat. Kavita Seth),KSHMR & Lost Stories
Jupiter,FM-84,Atlas,FM-84
Alien,Joel Nielsen,Black Mesa: Xen Soundtrack,Joel Nielsen
Lair,Joel Nielsen,Black Mesa: Xen Soundtrack,Joel Nielsen
Border Worlds,Joel Nielsen,Black Mesa: Xen Soundtrack,Joel Nielsen
Shadows of Death,Joel Nielsen,Black Mesa: Xen Soundtrack,Joel Nielsen
Limitless Potential,Joel Nielsen,Black Mesa: Xen Soundtrack,Joel Nielsen
The Hunting,Joel Nielsen,Black Mesa: Xen Soundtrack,Joel Nielsen
Nihilist,Joel Nielsen,Black Mesa: Xen Soundtrack,Joel Nielsen
Ascension,Joel Nielsen,Black Mesa: Xen Soundtrack,Joel Nielsen
Respite,Joel Nielsen,Black Mesa: Xen Soundtrack,Joel Nielsen
Mind Games,Joel Nielsen,Black Mesa: Xen Soundtrack,Joel Nielsen
Convergence,Joel Nielsen,Black Mesa: Xen Soundtrack,Joel Nielsen
Entangled,Joel Nielsen,Black Mesa: Xen Soundtrack,Joel Nielsen
Critical Mass,Joel Nielsen,Black Mesa: Xen Soundtrack,Joel Nielsen
Internal Conflict,Joel Nielsen,Black Mesa: Xen Soundtrack,Joel Nielsen
Vegeta - Super Saiyan,"Faulconer, Bruce",The Best of DragonBall Z - Volume I,"Faulconer, Bruce"
Gohans Anger Theme,Friedrich Habetler,Gohans Anger Theme,Friedrich Habetler
1816,Human Factor,Let Nature Take Its Course,Human Factor
1989 (Original Mix),M.A.D.E.S,Motor,M.A.D.E.S
Shoulders,Collapse Under the Empire,Shoulders & Giants,Collapse Under the Empire
Transcendent,Joel Nielsen,Black Mesa: Xen Soundtrack,Joel Nielsen
Harbinger,Joel Nielsen,Black Mesa: Xen Soundtrack,Joel Nielsen
